Problem	Chaotic_EMPSO	NSGAII	SMPSO
ZDT1	0.29076935427129014	0.0024698308226789	0.00021774710826230007
ZDT2	0.44217503599396224		0.00023524506835740071
ZDT3	0.4182417360051307		0.0006642219547239999
