Problem	NSGAII	SMPSO
ZDT1	0.002956688028915199	0.00020362696504599986
