Problem	NSGAII	SMPSO
ZDT1	0.0003482782323562805	0.00012558111725990972
