Problem	Chaotic_EMPSO	NSGAII	SMPSO
ZDT1	0.0	0.0002639155759361911	0.00016555273676122084
ZDT2	0.0		5.705067374095485e-05
ZDT3	0.0		0.0005898208618644318
