Problem	NSGAII	SMPSO
ZDT1	0.7064759731292725	1.2363898754119882
