Problem	NSGAII	SMPSO
ZDT1	0.00028495703829830004	7.198259055039998e-05
