Problem	Chaotic_EMPSO	NSGAII	SMPSO
ZDT1	0.4395359741096465	0.00022634400952099994	0.00014555919426364995
ZDT2	0.6065339802311649		4.653959470705e-05
ZDT3	0.5198158562307973		0.00013701975236274995
