Problem	Chaotic_EMPSO	NSGAII	SMPSO
ZDT1	252.22001445293427	0.26848268508911133	0.46960127353668213
ZDT2	177.55193161964417		0.45837926864624023
ZDT3	165.02106857299805		0.32305824756622314
