Problem	NSGAII	SMPSO
ZDT1	0.001449791380681828	0.000605497147616228
