Problem	Chaotic_EMPSO	NSGAII	SMPSO
ZDT1	0.0	0.6594179236456071	0.6617882043422331
ZDT2	0.0		0.3285771617197842
ZDT3	0.0008251399593391129		1.0409090191489165
