Problem	Chaotic_EMPSO	NSGAII	SMPSO
ZDT1	1.9000267522069234	0.013255807314719197	0.005593897688270551
ZDT2	3.1067354033050987		0.005454528687818465
ZDT3	2.2855663245353743		0.0056812732123901165
