Problem	NSGAII	SMPSO
ZDT1	0.65946404464525	0.6618149316355937
