Problem	NSGAII	SMPSO
ZDT1	7.381800012588501	5.218420495986939
