Problem	Chaotic_EMPSO	NSGAII	SMPSO
ZDT1	3259.12394235211	6.8699948024749755	4.0846867945886425
ZDT2	3241.702070651516		4.281155255533034
ZDT3	3212.631821063257		2.510873633046304
