Problem	Chaotic_EMPSO	NSGAII	SMPSO
ZDT1	1.9103008335304408	0.001483349991248428	0.0006124266226818613
ZDT2	2.2615646696674223		0.00043752580068289035
ZDT3	1.8739950900083089		0.0011891318845751
