Problem	NSGAII	SMPSO
ZDT1	0.013829316288410252	0.005570681656022735
