Problem	Chaotic_EMPSO	NSGAII	SMPSO
ZDT1	1.8664265158723183	0.0014520142099904	0.0005906850665632
ZDT2	2.3030695332899738		0.0004329375263856
ZDT3	1.861653480967566		0.0011642588247518
