Problem	Chaotic_EMPSO	NSGAII	SMPSO
ZDT1	0.0	0.6594927109918999	0.6618277451205293
ZDT2	0.0		0.3285921829862954
ZDT3	0.0		1.0413540540646733
