Problem	NSGAII	SMPSO
ZDT1	0.6594294208175128	0.6618375866133002
