Problem	Chaotic_EMPSO	NSGAII	SMPSO
ZDT1	3232.9193031787872	6.7967283725738525	3.911719799041748
ZDT2	3218.3592023849487		4.057936906814575
ZDT3	3184.3325810432434		2.3230483531951904
