Problem	NSGAII	SMPSO
ZDT1	6.813461780548096	5.126347541809082
