Problem	Chaotic_EMPSO	NSGAII	SMPSO
ZDT1	1.9709932457348471	0.0134093506081718	0.005565154633488
ZDT2	3.12684370710426		0.0054564652528116
ZDT3	2.345824886222354		0.0054910650795284
