Problem	NSGAII	SMPSO
ZDT1	0.0132184355954121	0.0055975984055246
