Problem	NSGAII	SMPSO
ZDT1	0.0014119889488977	0.000602656003256
