Problem	NSGAII	SMPSO
ZDT1	0.00027806244734579304	9.671139771319494e-05
