Problem	NSGAII	SMPSO
ZDT1	1.0107330517491666	1.0090817313073204
