Problem	Chaotic_EMPSO	NSGAII	SMPSO
ZDT1	140.04266474298808	0.21057045318752285	0.5457625446430693
ZDT2	111.53797190261825		0.8404423187588721
ZDT3	113.29390650856529		0.45253744712894706
