Problem	NSGAII	SMPSO
ZDT1	0.0023793640974093064	0.00016030222740608964
