Problem	Chaotic_EMPSO	NSGAII	SMPSO
ZDT1	0.22475929100137204	0.0018298994334165085	0.00018483478682738852
ZDT2	0.3449011823588406		0.00015608327796115082
ZDT3	0.2757742416554908		0.0014217509918001022
