Problem	Chaotic_EMPSO	NSGAII	SMPSO
ZDT1	0.0	0.00028832202771505457	0.00013179402139732455
ZDT2	0.0		9.518010244899798e-05
ZDT3	0.0031946008907910747		0.0013970524638416233
