Problem	NSGAII	SMPSO
ZDT1	0.00018713481964283013	6.565430262116053e-05
